{
    "v1": [0, -0.850651],
    "v2": [0.809017, -0.262866],
    "v3": [0.5, 0.688191],
    "v4": [-0.5, 0.688191],
    "v5": [-0.809017, -0.262866]
  }