{
  "v1": [0.577350, 0.577350, 0.577350],
  "v2": [0.577350, 0.577350, -0.577350],
  "v3": [0.577350, -0.577350, 0.577350],
  "v4": [0.577350, -0.577350, -0.577350],
  "v5": [-0.577350, 0.577350, 0.577350],
  "v6": [-0.577350, 0.577350, -0.577350],
  "v7": [-0.577350, -0.577350, 0.577350],
  "v8": [-0.577350, -0.577350, -0.577350]
}
