{
  "v1": [0.0, 0.0, 1.0],
  "v2": [0.0, 0.942809, -0.333333],
  "v3": [-0.816497, -0.471405, -0.333333],
  "v4": [0.816497, -0.471405, -0.333333]
}
