{
  "v1": [0.0, 0.618034, 1.0],
  "v2": [0.0, 0.618034, -1.0],
  "v3": [0.0, -0.618034, 1.0],
  "v4": [0.0, -0.618034, -1.0],
  "v5": [1.0, 0.0, 0.618034],
  "v6": [1.0, 0.0, -0.618034],
  "v7": [-1.0, 0.0, 0.618034],
  "v8": [-1.0, 0.0, -0.618034],
  "v9": [0.618034, 1.0, 0.0],
  "v10": [0.618034, -1.0, 0.0],
  "v11": [-0.618034, 1.0, 0.0],
  "v12": [-0.618034, -1.0, 0.0],
  "v13": [0.618034, 0.618034, 0.618034],
  "v14": [0.618034, 0.618034, -0.618034],
  "v15": [0.618034, -0.618034, 0.618034],
  "v16": [0.618034, -0.618034, -0.618034],
  "v17": [-0.618034, 0.618034, 0.618034],
  "v18": [-0.618034, 0.618034, -0.618034],
  "v19": [-0.618034, -0.618034, 0.618034],
  "v20": [-0.618034, -0.618034, -0.618034]
}
