{
  "puntos": {
    "v0": [-0.5773502691896258, -0.5773502691896258, -0.5773502691896258],
    "v1": [0.5773502691896258, -0.5773502691896258, -0.5773502691896258],
    "v2": [-0.5773502691896258, 0.5773502691896258, -0.5773502691896258],
    "v3": [0.5773502691896258, 0.5773502691896258, -0.5773502691896258],
    "v4": [-0.5773502691896258, -0.5773502691896258, 0.5773502691896258],
    "v5": [0.5773502691896258, -0.5773502691896258, 0.5773502691896258],
    "v6": [-0.5773502691896258, 0.5773502691896258, 0.5773502691896258],
    "v7": [0.5773502691896258, 0.5773502691896258, 0.5773502691896258],
    "v8": [0, -0.9341723589627158, -0.35682208977308993],
    "v9": [0, 0.9341723589627158, -0.35682208977308993],
    "v10": [0, -0.9341723589627158, 0.35682208977308993],
    "v11": [0, 0.9341723589627158, 0.35682208977308993],
    "v12": [-0.35682208977308993, 0, -0.9341723589627158],
    "v13": [0.35682208977308993, 0, -0.9341723589627158],
    "v14": [-0.35682208977308993, 0, 0.9341723589627158],
    "v15": [0.35682208977308993, 0, 0.9341723589627158],
    "v16": [-0.9341723589627158, -0.35682208977308993, 0],
    "v17": [-0.9341723589627158, 0.35682208977308993, 0],
    "v18": [0.9341723589627158, -0.35682208977308993, 0],
    "v19": [0.9341723589627158, 0.35682208977308993, 0]
  },
  "aristas": {
    "v0": ["v8", "v12", "v16"],
    "v1": ["v8", "v13", "v18"],
    "v2": ["v9", "v12", "v17"],
    "v3": ["v9", "v13", "v19"],
    "v4": ["v10", "v14", "v16"],
    "v5": ["v10", "v15", "v18"],
    "v6": ["v11", "v14", "v17"],
    "v7": ["v11", "v15", "v19"],
    "v8": ["v0", "v1", "v10"],
    "v9": ["v2", "v3", "v11"],
    "v10": ["v4", "v5", "v8"],
    "v11": ["v6", "v7", "v9"],
    "v12": ["v0", "v2", "v13"],
    "v13": ["v1", "v3", "v12"],
    "v14": ["v4", "v6", "v15"],
    "v15": ["v5", "v7", "v14"],
    "v16": ["v0", "v4", "v17"],
    "v17": ["v2", "v6", "v16"],
    "v18": ["v1", "v5", "v19"],
    "v19": ["v3", "v7", "v18"]
  },
  "caras": {
    "0": 5,
    "1": 5,
    "2": 5,
    "3": 5,
    "4": 5,
    "5": 5,
    "6": 5,
    "7": 5,
    "8": 5,
    "9": 5,
    "10": 5,
    "11": 5
  },
  "caras_vertices": {
    "0": ["v0", "v12", "v13", "v1", "v8"],
    "1": ["v0", "v8", "v10", "v4", "v16"],
    "2": ["v0", "v16", "v17", "v2", "v12"],
    "3": ["v1", "v13", "v3", "v9", "v8"],
    "4": ["v1", "v18", "v5", "v10", "v8"],
    "5": ["v2", "v17", "v6", "v11", "v9"],
    "6": ["v2", "v9", "v3", "v13", "v12"],
    "7": ["v3", "v19", "v7", "v11", "v9"],
    "8": ["v4", "v10", "v5", "v15", "v14"],
    "9": ["v4", "v14", "v6", "v17", "v16"],
    "10": ["v5", "v18", "v19", "v7", "v15"],
    "11": ["v6", "v14", "v15", "v7", "v11"]
  },
  "union_caras": [
    ["0_0", "1_0", "0_4", "1_1"],
    ["0_0", "2_0", "0_1", "2_4"],
    ["1_0", "2_0", "1_4", "2_1"],
    ["0_3", "3_0", "0_2", "3_1"],
    ["5_0", "6_0", "5_4", "6_1"],
    ["1_2", "8_1", "1_3", "8_0"],
    ["4_3", "8_1", "4_2", "8_2"],
    ["1_2", "4_3", "1_1", "4_4"],
    ["5_3", "11_4", "5_2", "11_0"],
    ["7_3", "11_4", "7_2", "11_3"],
    ["5_3", "7_3", "5_4", "7_4"],
    ["2_4", "6_4", "2_3", "6_0"],
    ["0_1", "6_4", "0_2", "6_3"],
    ["3_1", "6_3", "3_2", "6_2"],
    ["8_4", "9_1", "8_0", "9_0"],
    ["9_1", "11_1", "9_2", "11_0"],
    ["8_4", "11_1", "8_3", "11_2"],
    ["8_3", "10_4", "8_2", "10_0"],
    ["10_4", "11_2", "10_3", "11_3"],
    ["1_4", "9_4", "1_3", "9_0"],
    ["2_1", "9_4", "2_2", "9_3"],
    ["2_2", "5_1", "2_3", "5_0"],
    ["5_1", "9_3", "5_2", "9_2"],
    ["4_1", "10_1", "4_2", "10_0"],
    ["7_1", "10_2", "7_2", "10_3"]
  ]
}