{
  "puntos": {
    "v0": [0, 0.5257311121191336, 0.85065080835204],
    "v1": [0, 0.5257311121191336, -0.85065080835204],
    "v2": [0, -0.5257311121191336, 0.85065080835204],
    "v3": [0, -0.5257311121191336, -0.85065080835204],
    "v4": [0.5257311121191336, 0.85065080835204, 0],
    "v5": [0.5257311121191336, -0.85065080835204, 0],
    "v6": [-0.5257311121191336, 0.85065080835204, 0],
    "v7": [-0.5257311121191336, -0.85065080835204, 0],
    "v8": [0.85065080835204, 0, 0.5257311121191336],
    "v9": [0.85065080835204, 0, -0.5257311121191336],
    "v10": [-0.85065080835204, 0, 0.5257311121191336],
    "v11": [-0.85065080835204, 0, -0.5257311121191336]
  },
  "aristas": {
    "v0": ["v2", "v4", "v6", "v8", "v10"],
    "v1": ["v3", "v4", "v6", "v9", "v11"],
    "v2": ["v0", "v5", "v7", "v8", "v10"],
    "v3": ["v1", "v5", "v7", "v9", "v11"],
    "v4": ["v0", "v1", "v6", "v8", "v9"],
    "v5": ["v2", "v3", "v7", "v8", "v9"],
    "v6": ["v0", "v1", "v4", "v10", "v11"],
    "v7": ["v2", "v3", "v5", "v10", "v11"],
    "v8": ["v0", "v2", "v4", "v5", "v9"],
    "v9": ["v1", "v3", "v4", "v5", "v8"],
    "v10": ["v0", "v2", "v6", "v7", "v11"],
    "v11": ["v1", "v3", "v6", "v7", "v10"]
  },
  "caras": {
    "0": 3,
    "1": 3,
    "2": 3,
    "3": 3,
    "4": 3,
    "5": 3,
    "6": 3,
    "7": 3,
    "8": 3,
    "9": 3,
    "10": 3,
    "11": 3,
    "12": 3,
    "13": 3,
    "14": 3,
    "15": 3,
    "16": 3,
    "17": 3,
    "18": 3,
    "19": 3
  },
  "caras_vertices": {
    "0": ["v0", "v2", "v8"],
    "1": ["v0", "v10", "v2"],
    "2": ["v0", "v4", "v6"],
    "3": ["v0", "v8", "v4"],
    "4": ["v0", "v6", "v10"],
    "5": ["v1", "v9", "v3"],
    "6": ["v1", "v3", "v11"],
    "7": ["v1", "v6", "v4"],
    "8": ["v1", "v4", "v9"],
    "9": ["v1", "v11", "v6"],
    "10": ["v2", "v7", "v5"],
    "11": ["v2", "v5", "v8"],
    "12": ["v2", "v10", "v7"],
    "13": ["v3", "v5", "v7"],
    "14": ["v3", "v9", "v5"],
    "15": ["v3", "v7", "v11"],
    "16": ["v4", "v8", "v9"],
    "17": ["v5", "v9", "v8"],
    "18": ["v6", "v11", "v10"],
    "19": ["v7", "v10", "v11"]
  },
  "union_caras": [
    ["0_0", "1_0", "0_1", "1_2"],
    ["2_0", "3_0", "2_1", "3_2"],
    ["2_0", "4_0", "2_2", "4_1"],
    ["0_0", "3_0", "0_2", "3_1"],
    ["1_0", "4_0", "1_1", "4_2"],
    ["5_0", "6_0", "5_2", "6_1"],
    ["7_0", "8_0", "7_2", "8_1"],
    ["7_0", "9_0", "7_1", "9_2"],
    ["5_0", "8_0", "5_1", "8_2"],
    ["6_0", "9_0", "6_2", "9_1"],
    ["10_0", "11_0", "10_2", "11_1"],
    ["10_0", "12_0", "10_1", "12_2"],
    ["0_1", "11_0", "0_2", "11_2"],
    ["13_0", "14_0", "13_1", "14_2"],
    ["13_0", "15_0", "13_2", "15_1"],
    ["5_2", "14_0", "5_1", "14_1"],
    ["2_1", "7_2", "2_2", "7_1"],
    ["3_2", "16_0", "3_1", "16_1"],
    ["8_1", "16_0", "8_2", "16_2"],
    ["10_2", "13_1", "10_1", "13_2"],
    ["11_1", "17_0", "11_2", "17_2"],
    ["14_2", "17_0", "14_1", "17_1"],
    ["16_1", "17_2", "16_2", "17_1"],
    ["1_1", "12_1", "1_2", "12_0"],
    ["4_2", "18_2", "4_1", "18_0"],
    ["12_1", "19_1", "12_2", "19_0"],
    ["18_2", "19_1", "18_1", "19_2"],
    ["6_2", "15_2", "6_1", "15_0"],
    ["9_1", "18_1", "9_2", "18_0"],
    ["15_2", "19_2", "15_1", "19_0"]
  ]
}