{
  "v1": [0.0, 0.0, 1.0],
  "v2": [0.0, 0.0, -1.0],
  "v3": [0.894427, 0.0, 0.447214],
  "v4": [0.276393, 0.850651, 0.447214],
  "v5": [-0.723607, 0.525731, 0.447214],
  "v6": [-0.723607, -0.525731, 0.447214],
  "v7": [0.276393, -0.850651, 0.447214],
  "v8": [0.723607, 0.525731, -0.447214],
  "v9": [-0.276393, 0.850651, -0.447214],
  "v10": [-0.894427, 0.0, -0.447214],
  "v11": [-0.276393, -0.850651, -0.447214],
  "v12": [0.723607, -0.525731, -0.447214]
}
