{
  "puntos": {
    "v0": [-1.4142135623730951, -0.7071067811865476, 0],
    "v1": [-1.4142135623730951, 0, -0.7071067811865476],
    "v2": [-0.7071067811865476, -1.4142135623730951, 0],
    "v3": [-0.7071067811865476, 0, -1.4142135623730951],
    "v4": [0, -1.4142135623730951, -0.7071067811865476],
    "v5": [0, -0.7071067811865476, -1.4142135623730951],
    "v6": [-1.4142135623730951, 0.7071067811865476, 0],
    "v7": [-1.4142135623730951, 0, 0.7071067811865476],
    "v8": [0.7071067811865476, -1.4142135623730951, 0],
    "v9": [0.7071067811865476, 0, -1.4142135623730951],
    "v10": [0, -1.4142135623730951, 0.7071067811865476],
    "v11": [0, 0.7071067811865476, -1.4142135623730951],
    "v12": [1.4142135623730951, -0.7071067811865476, 0],
    "v13": [1.4142135623730951, 0, -0.7071067811865476],
    "v14": [-0.7071067811865476, 1.4142135623730951, 0],
    "v15": [-0.7071067811865476, 0, 1.4142135623730951],
    "v16": [0, 1.4142135623730951, -0.7071067811865476],
    "v17": [0, -0.7071067811865476, 1.4142135623730951],
    "v18": [1.4142135623730951, 0.7071067811865476, 0],
    "v19": [1.4142135623730951, 0, 0.7071067811865476],
    "v20": [0.7071067811865476, 1.4142135623730951, 0],
    "v21": [0.7071067811865476, 0, 1.4142135623730951],
    "v22": [0, 1.4142135623730951, 0.7071067811865476],
    "v23": [0, 0.7071067811865476, 1.4142135623730951]
  },
  "aristas": {
    "v0": ["v2", "v4", "v8", "v9", "v10"],
    "v1": ["v3", "v5", "v7", "v9"],
    "v2": ["v0", "v3", "v6", "v10", "v18"],
    "v3": ["v1", "v2", "v5", "v7", "v10", "v11", "v19"],
    "v4": ["v0", "v6", "v12", "v14"],
    "v5": ["v1", "v3", "v7", "v13", "v15", "v23"],
    "v6": ["v2", "v4", "v7", "v14"],
    "v7": ["v1", "v3", "v5", "v6", "v23"],
    "v8": ["v0", "v9", "v16", "v17"],
    "v9": ["v0", "v1", "v3", "v8", "v13", "v17"],
    "v10": ["v0", "v2", "v3", "v11", "v18"],
    "v11": ["v3", "v10", "v19"],
    "v12": ["v4", "v13", "v14", "v20"],
    "v13": ["v5", "v9", "v12", "v15"],
    "v14": ["v4", "v6", "v12", "v22"],
    "v15": ["v5", "v13", "v23"],
    "v16": ["v8", "v17", "v20"],
    "v17": ["v8", "v9", "v16"],
    "v18": ["v2", "v10", "v19"],
    "v19": ["v3", "v11", "v18", "v23"],
    "v20": ["v12", "v16", "v21", "v22"],
    "v21": ["v20", "v23"],
    "v22": ["v14", "v20", "v23"],
    "v23": ["v5", "v7", "v15", "v19", "v21", "v22"]
  },
  "caras": {
    "0": 6,
    "1": 6,
    "2": 6,
    "3": 6,
    "4": 6,
    "5": 6,
    "6": 6,
    "7": 6,
    "8": 4,
    "9": 4,
    "10": 4,
    "11": 4,
    "12": 4,
    "13": 4
  },
  "caras_vertices": {
    "0": ["v0", "v4", "v12", "v20", "v16", "v8"],
    "1": ["v0", "v8", "v9", "v1", "v3", "v2"],
    "2": ["v2", "v3", "v19", "v18", "v10", "v0"],
    "3": ["v0", "v10", "v11", "v3", "v1", "v9"],
    "4": ["v4", "v0", "v2", "v6", "v14", "v12"],
    "5": ["v5", "v7", "v3", "v1", "v9", "v13"],
    "6": ["v5", "v13", "v12", "v14", "v6", "v7"],
    "7": ["v5", "v7", "v23", "v19", "v3", "v1"],
    "8": ["v8", "v16", "v17", "v9"],
    "9": ["v10", "v18", "v19", "v11"],
    "10": ["v12", "v14", "v22", "v20"],
    "11": ["v13", "v15", "v23", "v5"],
    "12": ["v20", "v22", "v23", "v21"],
    "13": ["v21", "v23", "v15", "v13"]
  },
  "union_caras": [
    ["0_0", "4_1", "0_1", "4_0"],
    ["0_0", "2_5", "0_5", "2_0"],
    ["0_1", "6_5", "0_2", "6_0"],
    ["0_2", "10_0", "0_3", "10_3"],
    ["0_3", "12_0", "0_4", "12_3"],
    ["0_4", "8_0", "0_5", "8_3"],
    ["1_0", "2_0", "1_5", "2_5"],
    ["1_0", "4_1", "1_1", "4_2"],
    ["1_1", "3_2", "1_2", "3_1"],
    ["1_1", "8_3", "1_2", "8_0"],
    ["1_3", "7_5", "1_4", "7_4"],
    ["1_3", "5_3", "1_4", "5_2"],
    ["2_0", "4_2", "2_1", "4_3"],
    ["2_1", "9_0", "2_2", "9_3"],
    ["2_2", "7_3", "2_3", "7_2"],
    ["2_3", "6_0", "2_4", "6_5"],
    ["3_0", "5_4", "3_1", "5_3"],
    ["3_0", "7_4", "3_5", "7_3"],
    ["3_1", "9_2", "3_2", "9_1"],
    ["3_3", "8_1", "3_4", "8_2"],
    ["4_0", "6_4", "4_5", "6_1"],
    ["4_2", "9_0", "4_3", "9_3"],
    ["4_4", "10_1", "4_5", "10_2"],
    ["5_0", "7_0", "5_5", "7_5"],
    ["5_0", "11_3", "5_1", "11_0"],
    ["5_1", "13_3", "5_2", "13_0"],
    ["6_0", "10_2", "6_1", "10_1"],
    ["6_1", "11_0", "6_2", "11_3"],
    ["6_2", "13_0", "6_3", "13_3"],
    ["6_3", "12_2", "6_4", "12_1"],
    ["7_0", "11_2", "7_1", "11_1"],
    ["7_1", "13_1", "7_2", "13_2"],
    ["8_0", "12_3", "8_1", "12_0"],
    ["9_0", "12_0", "9_1", "12_3"],
    ["10_0", "12_1", "10_3", "12_2"],
    ["11_0", "13_3", "11_3", "13_0"]
  ]
}