{
  "puntos": {
    "v0": [0.0, 0.0, 1.0],
    "v1": [0.0, 0.942809, -0.333333],
    "v2": [-0.816497, -0.471405, -0.333333],
    "v3": [0.816497, -0.471405, -0.333333]
  },
  "aristas": {
    "v0": ["v1", "v2", "v3"],
    "v1": ["v0", "v2", "v3"],
    "v2": ["v1", "v0", "v3"],
    "v3": ["v1", "v2", "v0"]
  },
  "caras": {
    "0" : 3,
    "1" : 3,
    "2" : 3,
    "3" : 3
  },
  "caras_vertices": {
    "0" : ["v0", "v2", "v1"],
    "1" : ["v0", "v1", "v3"],
    "2" : ["v0", "v3", "v2"],
    "3" : ["v1", "v2", "v3"]
  },
  "union_caras": [
    ["0_0", "1_2", "0_1", "1_1"],
    ["0_1", "2_0", "0_2", "2_2"],
    ["0_2", "3_1", "0_0", "3_1"],
    ["1_0", "2_1", "1_1", "2_0"],
    ["1_0", "3_2", "1_2", "3_0"],
    ["2_1", "3_2", "2_2", "3_1"]
  ]
}