{
    "puntos": {
      "v0": [0.9045340337332909, 0.3015113445777637, 0.3015113445777637],
      "v1": [0.9045340337332909, -0.30151134457776374, -0.30151134457776374],
      "v2": [0.3015113445777637, 0.9045340337332909, 0.3015113445777637],
      "v3": [-0.30151134457776374, 0.9045340337332909, -0.30151134457776374],
      "v4": [0.3015113445777637, 0.3015113445777637, 0.9045340337332909],
      "v5": [-0.30151134457776374, -0.30151134457776374, 0.9045340337332909],
      "v6": [0.3015113445777637, -0.3015113445777637, -0.9045340337332909],
      "v7": [-0.30151134457776374, 0.30151134457776374, -0.9045340337332909],
      "v8": [0.3015113445777637, -0.9045340337332909, -0.3015113445777637],
      "v9": [-0.30151134457776374, -0.9045340337332909, 0.30151134457776374],
      "v10": [-0.9045340337332909, 0.3015113445777637, -0.3015113445777637],
      "v11": [-0.9045340337332909, -0.30151134457776374, 0.30151134457776374]
    },
    "aristas": {
      "v0": ["v2", "v4", "v1"],
      "v1": ["v6", "v8", "v0"],
      "v2": ["v0", "v4", "v3"],
      "v3": ["v7", "v10", "v2"],
      "v4": ["v0", "v2", "v5"],
      "v5": ["v9", "v11", "v4"],
      "v6": ["v1", "v8", "v7"],
      "v7": ["v3", "v10", "v6"],
      "v8": ["v1", "v6", "v9"],
      "v9": ["v5", "v11", "v8"],
      "v10": ["v3", "v7", "v11"],
      "v11": ["v5", "v9", "v10"]
    },
    "caras": {
      "0": 3,
      "1": 3,
      "2": 3,
      "3": 3,
      "4": 6,
      "5": 6,
      "6": 6,
      "7": 6
    },
    "caras_vertices": {
      "0": ["v0", "v2", "v4"],
      "1": ["v6", "v1", "v8"],
      "2": ["v3", "v7", "v10"],
      "3": ["v9", "v5", "v11"],
      "4": ["v6", "v7", "v3", "v2", "v0", "v1"],
      "5": ["v0", "v4", "v5", "v9", "v8", "v1"],
      "6": ["v10", "v11", "v5", "v4", "v2", "v3"],
      "7": ["v6", "v8", "v9", "v11", "v10", "v7"]
    },
    "union_caras": [
      ["0_0", "4_4", "0_1", "4_3"],
      ["0_0", "5_0", "0_2", "5_1"],
      ["4_4", "5_0", "4_5", "5_5"],
      ["1_1", "4_5", "1_0", "4_0"],
      ["1_1", "5_5", "1_2", "5_4"],
      ["0_1", "6_4", "0_2", "6_3"],
      ["4_3", "6_4", "4_2", "6_5"],
      ["2_0", "4_2", "2_1", "4_1"],
      ["5_1", "6_3", "5_2", "6_2"],
      ["3_1", "5_2", "3_0", "5_3"],
      ["1_0", "7_0", "1_2", "7_1"],
      ["4_0", "7_0", "4_1", "7_5"],
      ["5_4", "7_1", "5_3", "7_2"],
      ["2_2", "6_0", "2_0", "6_5"],
      ["2_2", "7_4", "2_1", "7_5"],
      ["6_0", "7_4", "6_1", "7_3"],
      ["3_2", "6_1", "3_1", "6_2"],
      ["3_2", "7_3", "3_0", "7_2"]
    ]
  }